{
  "$type": "BatteryConfig, Battery",
  "PlayerName": null,
  "StartTime": "2021-02-21-11-05-45",
  "EndTime": "2021-02-21-11-08-12",
  "Games": {
    "$type": "System.Collections.Generic.List`1[[GameConfig, Battery]], mscorlib",
    "$values": [
      {
        "$type": "DiggerConfig, Battery",
        "TestName": null,
        "Scene": "Digger",
        "DigAmount": 10,
        "DigKey": "B"
      },
      {
        "$type": "FeederConfig, Battery",
        "TestName": null,
        "Scene": "Feeder",
        "Seed": "2/21/2021 11:05:59 PM",
        "MaxGameTime": 90.0,
        "MaxFoodDispensed": 20,
        "TotalFoods": 6,
        "AverageUpdateFrequency": 3.0,
        "UpdateFreqVariance": 0.3
      },
      {
        "$type": "RockstarConfig, Battery",
        "TestName": null,
        "Scene": "Rockstar",
        "Seed": "2/21/2021 11:07:36 PM",
        "MaxGameTime": 30.0,
        "RockstarChangeFreq": 1.0,
        "RockstarVelocity": 2.5,
        "SpotlightVelocity": 3.0,
        "MeterChangeFreq": 2.0,
        "MeterMinVel": 5.0,
        "MeterMaxVel": 30.0,
        "MeterUpVel": 60.0,
        "LeftKey": "A",
        "RightKey": "D",
        "UpKey": "L"
      }
    ]
  }
}