{
  "game": "Digger",
  "startTime": "2021-02-21T23:05:52.304-05:00",
  "endTime": "2021-02-21T23:05:53.888-05:00",
  "seed": null,
  "metrics": [
    {
      "metricName": "buttonPressing",
      "eventList": [
        {
          "keyCode": 98,
          "keyDown": true,
          "eventTime": "2021-02-21T23:05:52.354-05:00"
        },
        {
          "keyCode": 98,
          "keyDown": false,
          "eventTime": "2021-02-21T23:05:52.404-05:00"
        },
        {
          "keyCode": 98,
          "keyDown": true,
          "eventTime": "2021-02-21T23:05:52.487-05:00"
        },
        {
          "keyCode": 98,
          "keyDown": false,
          "eventTime": "2021-02-21T23:05:52.571-05:00"
        },
        {
          "keyCode": 98,
          "keyDown": true,
          "eventTime": "2021-02-21T23:05:52.637-05:00"
        },
        {
          "keyCode": 98,
          "keyDown": false,
          "eventTime": "2021-02-21T23:05:52.704-05:00"
        },
        {
          "keyCode": 98,
          "keyDown": true,
          "eventTime": "2021-02-21T23:05:52.787-05:00"
        },
        {
          "keyCode": 98,
          "keyDown": false,
          "eventTime": "2021-02-21T23:05:52.854-05:00"
        },
        {
          "keyCode": 98,
          "keyDown": true,
          "eventTime": "2021-02-21T23:05:52.904-05:00"
        },
        {
          "keyCode": 98,
          "keyDown": false,
          "eventTime": "2021-02-21T23:05:52.987-05:00"
        },
        {
          "keyCode": 98,
          "keyDown": true,
          "eventTime": "2021-02-21T23:05:53.037-05:00"
        },
        {
          "keyCode": 98,
          "keyDown": false,
          "eventTime": "2021-02-21T23:05:53.121-05:00"
        },
        {
          "keyCode": 98,
          "keyDown": true,
          "eventTime": "2021-02-21T23:05:53.171-05:00"
        },
        {
          "keyCode": 98,
          "keyDown": false,
          "eventTime": "2021-02-21T23:05:53.254-05:00"
        },
        {
          "keyCode": 98,
          "keyDown": true,
          "eventTime": "2021-02-21T23:05:53.304-05:00"
        },
        {
          "keyCode": 98,
          "keyDown": false,
          "eventTime": "2021-02-21T23:05:53.387-05:00"
        },
        {
          "keyCode": 98,
          "keyDown": true,
          "eventTime": "2021-02-21T23:05:53.437-05:00"
        },
        {
          "keyCode": 98,
          "keyDown": false,
          "eventTime": "2021-02-21T23:05:53.52-05:00"
        },
        {
          "keyCode": 98,
          "keyDown": true,
          "eventTime": "2021-02-21T23:05:53.587-05:00"
        },
        {
          "keyCode": 98,
          "keyDown": false,
          "eventTime": "2021-02-21T23:05:53.654-05:00"
        },
        {
          "keyCode": 98,
          "keyDown": true,
          "eventTime": "2021-02-21T23:05:53.704-05:00"
        },
        {
          "keyCode": 98,
          "keyDown": false,
          "eventTime": "2021-02-21T23:05:53.787-05:00"
        }
      ]
    }
  ]
}