{
  "game": "Feeder",
  "startTime": "2021-02-21T23:06:04.253-05:00",
  "endTime": "2021-02-21T23:07:34.76-05:00",
  "seed": "2/21/2021 11:05:59 PM",
  "metrics": [
    {
      "metricName": "memoryChoice",
      "eventList": [
        {
          "objectsSet": [
            "",
            "",
            "",
            "hotdog",
            "",
            ""
          ],
          "_object": "hotdog",
          "choice": true,
          "choiceTime": "2021-02-21T23:06:08.819-05:00",
          "eventTime": "2021-02-21T23:06:06.003-05:00"
        },
        {
          "objectsSet": [
            "",
            "",
            "",
            "hotdog",
            "",
            ""
          ],
          "_object": "hotdog",
          "choice": true,
          "choiceTime": "2021-02-21T23:06:12.719-05:00",
          "eventTime": "2021-02-21T23:06:11.485-05:00"
        },
        {
          "objectsSet": [
            "",
            "",
            "",
            "hotdog",
            "",
            ""
          ],
          "_object": "icecream",
          "choice": false,
          "choiceTime": "2021-02-21T23:06:16.468-05:00",
          "eventTime": "2021-02-21T23:06:15.402-05:00"
        },
        {
          "objectsSet": [
            "",
            "",
            "",
            "hotdog",
            "",
            ""
          ],
          "_object": "icecream",
          "choice": false,
          "choiceTime": "2021-02-21T23:06:20.301-05:00",
          "eventTime": "2021-02-21T23:06:19.151-05:00"
        },
        {
          "objectsSet": [
            "",
            "",
            "muffin",
            "hotdog",
            "",
            ""
          ],
          "_object": "hotdog",
          "choice": true,
          "choiceTime": "2021-02-21T23:06:26.134-05:00",
          "eventTime": "2021-02-21T23:06:24.734-05:00"
        },
        {
          "objectsSet": [
            "",
            "",
            "muffin",
            "hotdog",
            "",
            ""
          ],
          "_object": "burger",
          "choice": false,
          "choiceTime": "2021-02-21T23:06:30.034-05:00",
          "eventTime": "2021-02-21T23:06:28.817-05:00"
        },
        {
          "objectsSet": [
            "",
            "",
            "muffin",
            "hotdog",
            "",
            ""
          ],
          "_object": "pizza",
          "choice": false,
          "choiceTime": "2021-02-21T23:06:34.1-05:00",
          "eventTime": "2021-02-21T23:06:32.716-05:00"
        },
        {
          "objectsSet": [
            "",
            "",
            "muffin",
            "hotdog",
            "",
            ""
          ],
          "_object": "muffin",
          "choice": false,
          "choiceTime": "2021-02-21T23:06:38.599-05:00",
          "eventTime": "2021-02-21T23:06:36.783-05:00"
        },
        {
          "objectsSet": [
            "",
            "",
            "muffin",
            "hotdog",
            "",
            "icecream"
          ],
          "_object": "donut",
          "choice": true,
          "choiceTime": "2021-02-21T23:06:44.666-05:00",
          "eventTime": "2021-02-21T23:06:43.033-05:00"
        },
        {
          "objectsSet": [
            "",
            "",
            "muffin",
            "hotdog",
            "",
            "icecream"
          ],
          "_object": "icecream",
          "choice": false,
          "choiceTime": "2021-02-21T23:06:49.515-05:00",
          "eventTime": "2021-02-21T23:06:48.532-05:00"
        },
        {
          "objectsSet": [
            "",
            "",
            "muffin",
            "hotdog",
            "",
            "icecream"
          ],
          "_object": "donut",
          "choice": false,
          "choiceTime": "2021-02-21T23:06:53.614-05:00",
          "eventTime": "2021-02-21T23:06:52.198-05:00"
        },
        {
          "objectsSet": [
            "",
            "",
            "",
            "hotdog",
            "",
            "icecream"
          ],
          "_object": "burger",
          "choice": false,
          "choiceTime": "2021-02-21T23:06:59.414-05:00",
          "eventTime": "2021-02-21T23:06:58.031-05:00"
        },
        {
          "objectsSet": [
            "",
            "",
            "",
            "hotdog",
            "",
            "icecream"
          ],
          "_object": "burger",
          "choice": false,
          "choiceTime": "2021-02-21T23:07:03.363-05:00",
          "eventTime": "2021-02-21T23:07:02.096-05:00"
        },
        {
          "objectsSet": [
            "",
            "",
            "",
            "hotdog",
            "",
            "icecream"
          ],
          "_object": "muffin",
          "choice": true,
          "choiceTime": "2021-02-21T23:07:07.68-05:00",
          "eventTime": "2021-02-21T23:07:06.046-05:00"
        },
        {
          "objectsSet": [
            "",
            "",
            "",
            "",
            "",
            "icecream"
          ],
          "_object": "pizza",
          "choice": false,
          "choiceTime": "2021-02-21T23:07:14.195-05:00",
          "eventTime": "2021-02-21T23:07:13.279-05:00"
        },
        {
          "objectsSet": [
            "",
            "",
            "",
            "",
            "",
            "icecream"
          ],
          "_object": "burger",
          "choice": false,
          "choiceTime": "2021-02-21T23:07:17.912-05:00",
          "eventTime": "2021-02-21T23:07:16.878-05:00"
        },
        {
          "objectsSet": [
            "",
            "",
            "",
            "",
            "",
            "icecream"
          ],
          "_object": "icecream",
          "choice": false,
          "choiceTime": "2021-02-21T23:07:21.795-05:00",
          "eventTime": "2021-02-21T23:07:20.595-05:00"
        },
        {
          "objectsSet": [
            "",
            "",
            "muffin",
            "",
            "",
            "icecream"
          ],
          "_object": "hotdog",
          "choice": true,
          "choiceTime": "2021-02-21T23:07:27.111-05:00",
          "eventTime": "2021-02-21T23:07:26.228-05:00"
        },
        {
          "objectsSet": [
            "",
            "",
            "muffin",
            "",
            "",
            "icecream"
          ],
          "_object": "burger",
          "choice": false,
          "choiceTime": "2021-02-21T23:07:32.094-05:00",
          "eventTime": "2021-02-21T23:07:30.96-05:00"
        }
      ]
    }
  ]
}