{
  "game": "Rockstar",
  "startTime": "2021-02-21T23:07:42.609-05:00",
  "endTime": "2021-02-21T23:08:12.622-05:00",
  "seed": "2/21/2021 11:07:36 PM",
  "metrics": [
    {
      "metricName": "position",
      "gameObjectKeys": [
        "rockstar",
        "spotlight"
      ],
      "eventList": [
        {
          "eventTime": "2021-02-21T23:07:42.725-05:00",
          "positions": [
            {
              "x": 0.0,
              "y": -1.48
            },
            {
              "x": -0.06903501,
              "y": 1.53
            }
          ]
        },
        {
          "eventTime": "2021-02-21T23:07:42.925-05:00",
          "positions": [
            {
              "x": 0.0,
              "y": -1.48
            },
            {
              "x": -0.62066,
              "y": 1.53
            }
          ]
        },
        {
          "eventTime": "2021-02-21T23:07:42.992-05:00",
          "positions": [
            {
              "x": 0.0,
              "y": -1.48
            },
            {
              "x": -0.570725,
              "y": 1.53
            }
          ]
        },
        {
          "eventTime": "2021-02-21T23:07:43.075-05:00",
          "positions": [
            {
              "x": 0.0,
              "y": -1.48
            },
            {
              "x": -0.369425058,
              "y": 1.53
            }
          ]
        },
        {
          "eventTime": "2021-02-21T23:07:43.159-05:00",
          "positions": [
            {
              "x": 0.0,
              "y": -1.48
            },
            {
              "x": -0.31845504,
              "y": 1.53
            }
          ]
        },
        {
          "eventTime": "2021-02-21T23:07:43.342-05:00",
          "positions": [
            {
              "x": 0.0,
              "y": -1.48
            },
            {
              "x": 0.179604948,
              "y": 1.53
            }
          ]
        },
        {
          "eventTime": "2021-02-21T23:07:44.109-05:00",
          "positions": [
            {
              "x": -0.0417375,
              "y": -1.48
            },
            {
              "x": 0.179604948,
              "y": 1.53
            }
          ]
        },
        {
          "eventTime": "2021-02-21T23:07:44.159-05:00",
          "positions": [
            {
              "x": -0.1672625,
              "y": -1.48
            },
            {
              "x": 0.128694952,
              "y": 1.53
            }
          ]
        },
        {
          "eventTime": "2021-02-21T23:07:44.259-05:00",
          "positions": [
            {
              "x": -0.4169875,
              "y": -1.48
            },
            {
              "x": -0.120065048,
              "y": 1.53
            }
          ]
        },
        {
          "eventTime": "2021-02-21T23:07:44.459-05:00",
          "positions": [
            {
              "x": -0.916524947,
              "y": -1.48
            },
            {
              "x": -0.171380043,
              "y": 1.53
            }
          ]
        },
        {
          "eventTime": "2021-02-21T23:07:44.742-05:00",
          "positions": [
            {
              "x": -1.54637492,
              "y": -1.48
            },
            {
              "x": -1.02042508,
              "y": 1.53
            }
          ]
        },
        {
          "eventTime": "2021-02-21T23:07:45.126-05:00",
          "positions": [
            {
              "x": -0.587275,
              "y": -1.48
            },
            {
              "x": -2.121185,
              "y": 1.53
            }
          ]
        },
        {
          "eventTime": "2021-02-21T23:07:45.209-05:00",
          "positions": [
            {
              "x": -0.37787506,
              "y": -1.48
            },
            {
              "x": -2.07243514,
              "y": 1.53
            }
          ]
        },
        {
          "eventTime": "2021-02-21T23:07:46.758-05:00",
          "positions": [
            {
              "x": 3.41106224,
              "y": -1.48
            },
            {
              "x": 2.57633448,
              "y": 1.53
            }
          ]
        },
        {
          "eventTime": "2021-02-21T23:07:47.109-05:00",
          "positions": [
            {
              "x": 2.53552532,
              "y": -1.48
            },
            {
              "x": 3.57611442,
              "y": 1.53
            }
          ]
        },
        {
          "eventTime": "2021-02-21T23:07:47.125-05:00",
          "positions": [
            {
              "x": 2.4928627,
              "y": -1.48
            },
            {
              "x": 3.52749944,
              "y": 1.53
            }
          ]
        },
        {
          "eventTime": "2021-02-21T23:07:47.508-05:00",
          "positions": [
            {
              "x": 1.57096815,
              "y": -1.48
            },
            {
              "x": 2.37771988,
              "y": 1.53
            }
          ]
        },
        {
          "eventTime": "2021-02-21T23:07:47.825-05:00",
          "positions": [
            {
              "x": 1.5275681,
              "y": -1.48
            },
            {
              "x": 1.42830968,
              "y": 1.53
            }
          ]
        },
        {
          "eventTime": "2021-02-21T23:07:47.841-05:00",
          "positions": [
            {
              "x": 1.48748064,
              "y": -1.48
            },
            {
              "x": 1.42830968,
              "y": 1.53
            }
          ]
        },
        {
          "eventTime": "2021-02-21T23:07:47.891-05:00",
          "positions": [
            {
              "x": 1.36216807,
              "y": -1.48
            },
            {
              "x": 1.47834969,
              "y": 1.53
            }
          ]
        },
        {
          "eventTime": "2021-02-21T23:07:48.008-05:00",
          "positions": [
            {
              "x": 1.07100558,
              "y": -1.48
            },
            {
              "x": 1.77770483,
              "y": 1.53
            }
          ]
        },
        {
          "eventTime": "2021-02-21T23:07:48.058-05:00",
          "positions": [
            {
              "x": 0.9456556,
              "y": -1.48
            },
            {
              "x": 1.72739482,
              "y": 1.53
            }
          ]
        },
        {
          "eventTime": "2021-02-21T23:07:48.074-05:00",
          "positions": [
            {
              "x": 0.9315214,
              "y": -1.48
            },
            {
              "x": 1.67778981,
              "y": 1.53
            }
          ]
        },
        {
          "eventTime": "2021-02-21T23:07:48.408-05:00",
          "positions": [
            {
              "x": 0.9315214,
              "y": -1.48
            },
            {
              "x": 0.727374732,
              "y": 1.53
            }
          ]
        },
        {
          "eventTime": "2021-02-21T23:07:48.459-05:00",
          "positions": [
            {
              "x": 0.9315214,
              "y": -1.48
            },
            {
              "x": 0.780309737,
              "y": 1.53
            }
          ]
        },
        {
          "eventTime": "2021-02-21T23:07:48.509-05:00",
          "positions": [
            {
              "x": 0.9315214,
              "y": -1.48
            },
            {
              "x": 0.877314746,
              "y": 1.53
            }
          ]
        },
        {
          "eventTime": "2021-02-21T23:07:48.575-05:00",
          "positions": [
            {
              "x": 0.9315214,
              "y": -1.48
            },
            {
              "x": 0.8260747,
              "y": 1.53
            }
          ]
        },
        {
          "eventTime": "2021-02-21T23:07:48.691-05:00",
          "positions": [
            {
              "x": 0.9315214,
              "y": -1.48
            },
            {
              "x": 0.5285647,
              "y": 1.53
            }
          ]
        },
        {
          "eventTime": "2021-02-21T23:07:48.941-05:00",
          "positions": [
            {
              "x": 0.9708964,
              "y": -1.48
            },
            {
              "x": 0.5285647,
              "y": 1.53
            }
          ]
        },
        {
          "eventTime": "2021-02-21T23:07:49.074-05:00",
          "positions": [
            {
              "x": 1.27009535,
              "y": -1.48
            },
            {
              "x": 0.5285647,
              "y": 1.53
            }
          ]
        },
        {
          "eventTime": "2021-02-21T23:07:49.208-05:00",
          "positions": [
            {
              "x": 1.27009535,
              "y": -1.48
            },
            {
              "x": 0.5790547,
              "y": 1.53
            }
          ]
        },
        {
          "eventTime": "2021-02-21T23:07:49.258-05:00",
          "positions": [
            {
              "x": 1.27009535,
              "y": -1.48
            },
            {
              "x": 0.6784447,
              "y": 1.53
            }
          ]
        },
        {
          "eventTime": "2021-02-21T23:07:49.541-05:00",
          "positions": [
            {
              "x": 1.27009535,
              "y": -1.48
            },
            {
              "x": 0.728064656,
              "y": 1.53
            }
          ]
        },
        {
          "eventTime": "2021-02-21T23:07:49.658-05:00",
          "positions": [
            {
              "x": 1.27009535,
              "y": -1.48
            },
            {
              "x": 1.02860463,
              "y": 1.53
            }
          ]
        },
        {
          "eventTime": "2021-02-21T23:07:49.791-05:00",
          "positions": [
            {
              "x": 1.27009535,
              "y": -1.48
            },
            {
              "x": 1.07786465,
              "y": 1.53
            }
          ]
        },
        {
          "eventTime": "2021-02-21T23:07:49.908-05:00",
          "positions": [
            {
              "x": 1.27009535,
              "y": -1.48
            },
            {
              "x": 1.37805963,
              "y": 1.53
            }
          ]
        },
        {
          "eventTime": "2021-02-21T23:07:50.074-05:00",
          "positions": [
            {
              "x": 1.22810781,
              "y": -1.48
            },
            {
              "x": 1.37805963,
              "y": 1.53
            }
          ]
        },
        {
          "eventTime": "2021-02-21T23:07:50.091-05:00",
          "positions": [
            {
              "x": 1.22293758,
              "y": -1.48
            },
            {
              "x": 1.37805963,
              "y": 1.53
            }
          ]
        },
        {
          "eventTime": "2021-02-21T23:07:51.941-05:00",
          "positions": [
            {
              "x": 1.18235,
              "y": -1.48
            },
            {
              "x": 1.37805963,
              "y": 1.53
            }
          ]
        },
        {
          "eventTime": "2021-02-21T23:07:52.457-05:00",
          "positions": [
            {
              "x": -0.108862504,
              "y": -1.48
            },
            {
              "x": 1.32794464,
              "y": 1.53
            }
          ]
        },
        {
          "eventTime": "2021-02-21T23:07:54.591-05:00",
          "positions": [
            {
              "x": -5.4417367,
              "y": -1.48
            },
            {
              "x": -5.07217932,
              "y": 1.53
            }
          ]
        },
        {
          "eventTime": "2021-02-21T23:07:54.624-05:00",
          "positions": [
            {
              "x": -5.4417367,
              "y": -1.48
            },
            {
              "x": -5.12154436,
              "y": 1.53
            }
          ]
        },
        {
          "eventTime": "2021-02-21T23:07:56.907-05:00",
          "positions": [
            {
              "x": -5.39983654,
              "y": -1.48
            },
            {
              "x": -5.12154436,
              "y": 1.53
            }
          ]
        },
        {
          "eventTime": "2021-02-21T23:07:57.291-05:00",
          "positions": [
            {
              "x": -4.44129848,
              "y": -1.48
            },
            {
              "x": -5.069989,
              "y": 1.53
            }
          ]
        },
        {
          "eventTime": "2021-02-21T23:07:58.89-05:00",
          "positions": [
            {
              "x": -0.527134061,
              "y": -1.48
            },
            {
              "x": -0.27123493,
              "y": 1.53
            }
          ]
        },
        {
          "eventTime": "2021-02-21T23:07:59.14-05:00",
          "positions": [
            {
              "x": -1.13110638,
              "y": -1.48
            },
            {
              "x": 0.478495061,
              "y": 1.53
            }
          ]
        },
        {
          "eventTime": "2021-02-21T23:07:59.156-05:00",
          "positions": [
            {
              "x": -1.13110638,
              "y": -1.48
            },
            {
              "x": 0.478495061,
              "y": 1.53
            }
          ]
        },
        {
          "eventTime": "2021-02-21T23:07:59.423-05:00",
          "positions": [
            {
              "x": -1.13110638,
              "y": -1.48
            },
            {
              "x": 0.428050071,
              "y": 1.53
            }
          ]
        },
        {
          "eventTime": "2021-02-21T23:07:59.89-05:00",
          "positions": [
            {
              "x": -1.17381883,
              "y": -1.48
            },
            {
              "x": -0.972544968,
              "y": 1.53
            }
          ]
        },
        {
          "eventTime": "2021-02-21T23:08:00.273-05:00",
          "positions": [
            {
              "x": -2.12520885,
              "y": -1.48
            },
            {
              "x": -2.1218,
              "y": 1.53
            }
          ]
        },
        {
          "eventTime": "2021-02-21T23:08:00.856-05:00",
          "positions": [
            {
              "x": -2.16708374,
              "y": -1.48
            },
            {
              "x": -3.871115,
              "y": 1.53
            }
          ]
        },
        {
          "eventTime": "2021-02-21T23:08:00.973-05:00",
          "positions": [
            {
              "x": -2.457846,
              "y": -1.48
            },
            {
              "x": -4.170665,
              "y": 1.53
            }
          ]
        },
        {
          "eventTime": "2021-02-21T23:08:01.073-05:00",
          "positions": [
            {
              "x": -2.70810819,
              "y": -1.48
            },
            {
              "x": -4.12001,
              "y": 1.53
            }
          ]
        },
        {
          "eventTime": "2021-02-21T23:08:01.19-05:00",
          "positions": [
            {
              "x": -2.99358153,
              "y": -1.48
            },
            {
              "x": -3.77026987,
              "y": 1.53
            }
          ]
        },
        {
          "eventTime": "2021-02-21T23:08:01.44-05:00",
          "positions": [
            {
              "x": -2.99358153,
              "y": -1.48
            },
            {
              "x": -3.07035446,
              "y": 1.53
            }
          ]
        },
        {
          "eventTime": "2021-02-21T23:08:01.506-05:00",
          "positions": [
            {
              "x": -2.99358153,
              "y": -1.48
            },
            {
              "x": -3.11884952,
              "y": 1.53
            }
          ]
        },
        {
          "eventTime": "2021-02-21T23:08:01.59-05:00",
          "positions": [
            {
              "x": -2.99358153,
              "y": -1.48
            },
            {
              "x": -3.31903934,
              "y": 1.53
            }
          ]
        },
        {
          "eventTime": "2021-02-21T23:08:01.74-05:00",
          "positions": [
            {
              "x": -3.036019,
              "y": -1.48
            },
            {
              "x": -3.26925445,
              "y": 1.53
            }
          ]
        },
        {
          "eventTime": "2021-02-21T23:08:01.823-05:00",
          "positions": [
            {
              "x": -3.2440064,
              "y": -1.48
            },
            {
              "x": -3.06945443,
              "y": 1.53
            }
          ]
        },
        {
          "eventTime": "2021-02-21T23:08:01.856-05:00",
          "positions": [
            {
              "x": -3.242544,
              "y": -1.48
            },
            {
              "x": -3.06945443,
              "y": 1.53
            }
          ]
        },
        {
          "eventTime": "2021-02-21T23:08:01.94-05:00",
          "positions": [
            {
              "x": -3.03443146,
              "y": -1.48
            },
            {
              "x": -3.11992955,
              "y": 1.53
            }
          ]
        },
        {
          "eventTime": "2021-02-21T23:08:02.04-05:00",
          "positions": [
            {
              "x": -2.78438163,
              "y": -1.48
            },
            {
              "x": -3.36951447,
              "y": 1.53
            }
          ]
        },
        {
          "eventTime": "2021-02-21T23:08:02.106-05:00",
          "positions": [
            {
              "x": -2.61781931,
              "y": -1.48
            },
            {
              "x": -3.31987953,
              "y": 1.53
            }
          ]
        },
        {
          "eventTime": "2021-02-21T23:08:02.173-05:00",
          "positions": [
            {
              "x": -2.45154452,
              "y": -1.48
            },
            {
              "x": -3.16998458,
              "y": 1.53
            }
          ]
        },
        {
          "eventTime": "2021-02-21T23:08:02.273-05:00",
          "positions": [
            {
              "x": -2.201657,
              "y": -1.48
            },
            {
              "x": -3.11982465,
              "y": 1.53
            }
          ]
        },
        {
          "eventTime": "2021-02-21T23:08:04.156-05:00",
          "positions": [
            {
              "x": 2.506593,
              "y": -1.48
            },
            {
              "x": 2.479915,
              "y": 1.53
            }
          ]
        },
        {
          "eventTime": "2021-02-21T23:08:04.689-05:00",
          "positions": [
            {
              "x": 3.798665,
              "y": -1.48
            },
            {
              "x": 2.479915,
              "y": 1.53
            }
          ]
        },
        {
          "eventTime": "2021-02-21T23:08:04.939-05:00",
          "positions": [
            {
              "x": 3.798665,
              "y": -1.48
            },
            {
              "x": 2.42935,
              "y": 1.53
            }
          ]
        },
        {
          "eventTime": "2021-02-21T23:08:05.089-05:00",
          "positions": [
            {
              "x": 3.798665,
              "y": -1.48
            },
            {
              "x": 2.029765,
              "y": 1.53
            }
          ]
        },
        {
          "eventTime": "2021-02-21T23:08:05.156-05:00",
          "positions": [
            {
              "x": 3.798665,
              "y": -1.48
            },
            {
              "x": 2.0792048,
              "y": 1.53
            }
          ]
        },
        {
          "eventTime": "2021-02-21T23:08:05.656-05:00",
          "positions": [
            {
              "x": 3.798665,
              "y": -1.48
            },
            {
              "x": 3.52953959,
              "y": 1.53
            }
          ]
        },
        {
          "eventTime": "2021-02-21T23:08:06.606-05:00",
          "positions": [
            {
              "x": 3.75652742,
              "y": -1.48
            },
            {
              "x": 3.52953959,
              "y": 1.53
            }
          ]
        },
        {
          "eventTime": "2021-02-21T23:08:07.022-05:00",
          "positions": [
            {
              "x": 2.71547771,
              "y": -1.48
            },
            {
              "x": 3.47976971,
              "y": 1.53
            }
          ]
        },
        {
          "eventTime": "2021-02-21T23:08:07.656-05:00",
          "positions": [
            {
              "x": 1.21491563,
              "y": -1.48
            },
            {
              "x": 1.58007991,
              "y": 1.53
            }
          ]
        },
        {
          "eventTime": "2021-02-21T23:08:07.706-05:00",
          "positions": [
            {
              "x": 1.29842329,
              "y": -1.48
            },
            {
              "x": 1.42978,
              "y": 1.53
            }
          ]
        },
        {
          "eventTime": "2021-02-21T23:08:07.822-05:00",
          "positions": [
            {
              "x": 1.29842329,
              "y": -1.48
            },
            {
              "x": 1.12981021,
              "y": 1.53
            }
          ]
        },
        {
          "eventTime": "2021-02-21T23:08:08.156-05:00",
          "positions": [
            {
              "x": 1.25646079,
              "y": -1.48
            },
            {
              "x": 1.17971516,
              "y": 1.53
            }
          ]
        },
        {
          "eventTime": "2021-02-21T23:08:08.172-05:00",
          "positions": [
            {
              "x": 1.24287891,
              "y": -1.48
            },
            {
              "x": 1.22980011,
              "y": 1.53
            }
          ]
        },
        {
          "eventTime": "2021-02-21T23:08:08.222-05:00",
          "positions": [
            {
              "x": 1.24287891,
              "y": -1.48
            },
            {
              "x": 1.32953513,
              "y": 1.53
            }
          ]
        },
        {
          "eventTime": "2021-02-21T23:08:08.306-05:00",
          "positions": [
            {
              "x": 1.24287891,
              "y": -1.48
            },
            {
              "x": 1.28048515,
              "y": 1.53
            }
          ]
        },
        {
          "eventTime": "2021-02-21T23:08:08.422-05:00",
          "positions": [
            {
              "x": 1.24287891,
              "y": -1.48
            },
            {
              "x": 0.979779959,
              "y": 1.53
            }
          ]
        },
        {
          "eventTime": "2021-02-21T23:08:08.522-05:00",
          "positions": [
            {
              "x": 1.28450394,
              "y": -1.48
            },
            {
              "x": 0.979779959,
              "y": 1.53
            }
          ]
        },
        {
          "eventTime": "2021-02-21T23:08:08.94-05:00",
          "positions": [
            {
              "x": 2.32544136,
              "y": -1.48
            },
            {
              "x": 1.032925,
              "y": 1.53
            }
          ]
        },
        {
          "eventTime": "2021-02-21T23:08:09.706-05:00",
          "positions": [
            {
              "x": 4.242541,
              "y": -1.48
            },
            {
              "x": 3.28030014,
              "y": 1.53
            }
          ]
        },
        {
          "eventTime": "2021-02-21T23:08:09.739-05:00",
          "positions": [
            {
              "x": 4.29027462,
              "y": -1.48
            },
            {
              "x": 3.28030014,
              "y": 1.53
            }
          ]
        },
        {
          "eventTime": "2021-02-21T23:08:09.839-05:00",
          "positions": [
            {
              "x": 4.24929953,
              "y": -1.48
            },
            {
              "x": 3.33094025,
              "y": 1.53
            }
          ]
        },
        {
          "eventTime": "2021-02-21T23:08:10.172-05:00",
          "positions": [
            {
              "x": 3.4155,
              "y": -1.48
            },
            {
              "x": 4.28085947,
              "y": 1.53
            }
          ]
        },
        {
          "eventTime": "2021-02-21T23:08:10.272-05:00",
          "positions": [
            {
              "x": 3.16551256,
              "y": -1.48
            },
            {
              "x": 4.231179,
              "y": 1.53
            }
          ]
        },
        {
          "eventTime": "2021-02-21T23:08:11.088-05:00",
          "positions": [
            {
              "x": 1.20802462,
              "y": -1.48
            },
            {
              "x": 1.78143919,
              "y": 1.53
            }
          ]
        },
        {
          "eventTime": "2021-02-21T23:08:11.189-05:00",
          "positions": [
            {
              "x": 1.37409961,
              "y": -1.48
            },
            {
              "x": 1.48103428,
              "y": 1.53
            }
          ]
        },
        {
          "eventTime": "2021-02-21T23:08:11.489-05:00",
          "positions": [
            {
              "x": 0.6239996,
              "y": -1.48
            },
            {
              "x": 0.679869354,
              "y": 1.53
            }
          ]
        },
        {
          "eventTime": "2021-02-21T23:08:11.572-05:00",
          "positions": [
            {
              "x": 0.4161121,
              "y": -1.48
            },
            {
              "x": 0.880149364,
              "y": 1.53
            }
          ]
        },
        {
          "eventTime": "2021-02-21T23:08:11.622-05:00",
          "positions": [
            {
              "x": 0.290874571,
              "y": -1.48
            },
            {
              "x": 0.829314351,
              "y": 1.53
            }
          ]
        },
        {
          "eventTime": "2021-02-21T23:08:11.905-05:00",
          "positions": [
            {
              "x": -0.33335045,
              "y": -1.48
            },
            {
              "x": -0.0197156519,
              "y": 1.53
            }
          ]
        },
        {
          "eventTime": "2021-02-21T23:08:12.138-05:00",
          "positions": [
            {
              "x": 0.250524521,
              "y": -1.48
            },
            {
              "x": -0.6701007,
              "y": 1.53
            }
          ]
        },
        {
          "eventTime": "2021-02-21T23:08:12.172-05:00",
          "positions": [
            {
              "x": 0.333587021,
              "y": -1.48
            },
            {
              "x": -0.7199907,
              "y": 1.53
            }
          ]
        },
        {
          "eventTime": "2021-02-21T23:08:12.255-05:00",
          "positions": [
            {
              "x": 0.541574538,
              "y": -1.48
            },
            {
              "x": -0.919685662,
              "y": 1.53
            }
          ]
        },
        {
          "eventTime": "2021-02-21T23:08:12.289-05:00",
          "positions": [
            {
              "x": 0.624699533,
              "y": -1.48
            },
            {
              "x": -0.869645655,
              "y": 1.53
            }
          ]
        }
      ]
    },
    {
      "metricName": "linearVariable",
      "minValue": 0.0,
      "maxValue": 100.0,
      "initialValue": 75.0,
      "reasons": [
        "gameDrop",
        "playerRaise"
      ],
      "eventList": [
        {
          "currentValue": 75.0,
          "valueChange": 0.0,
          "reasonIndex": 0,
          "eventTime": "2021-02-21T23:07:42.61-05:00"
        },
        {
          "currentValue": 59.7490921,
          "valueChange": -15.2509079,
          "reasonIndex": 1,
          "eventTime": "2021-02-21T23:07:43.459-05:00"
        },
        {
          "currentValue": 66.13769,
          "valueChange": 6.38859558,
          "reasonIndex": 1,
          "eventTime": "2021-02-21T23:07:43.642-05:00"
        },
        {
          "currentValue": 63.90139,
          "valueChange": -2.23629761,
          "reasonIndex": 1,
          "eventTime": "2021-02-21T23:07:43.809-05:00"
        },
        {
          "currentValue": 67.61379,
          "valueChange": 3.71240234,
          "reasonIndex": 1,
          "eventTime": "2021-02-21T23:07:43.925-05:00"
        },
        {
          "currentValue": 51.9633141,
          "valueChange": -15.6504784,
          "reasonIndex": 0,
          "eventTime": "2021-02-21T23:07:44.725-05:00"
        },
        {
          "currentValue": 30.4184742,
          "valueChange": -21.54484,
          "reasonIndex": 1,
          "eventTime": "2021-02-21T23:07:45.575-05:00"
        },
        {
          "currentValue": 69.45967,
          "valueChange": 39.0412,
          "reasonIndex": 0,
          "eventTime": "2021-02-21T23:07:46.741-05:00"
        },
        {
          "currentValue": 80.2859039,
          "valueChange": 10.8262329,
          "reasonIndex": 1,
          "eventTime": "2021-02-21T23:07:46.992-05:00"
        },
        {
          "currentValue": 69.713974,
          "valueChange": -10.57193,
          "reasonIndex": 0,
          "eventTime": "2021-02-21T23:07:47.825-05:00"
        },
        {
          "currentValue": 53.73533,
          "valueChange": -15.9786453,
          "reasonIndex": 1,
          "eventTime": "2021-02-21T23:07:48.691-05:00"
        },
        {
          "currentValue": 61.4845543,
          "valueChange": 7.74922562,
          "reasonIndex": 1,
          "eventTime": "2021-02-21T23:07:48.909-05:00"
        },
        {
          "currentValue": 59.55286,
          "valueChange": -1.931694,
          "reasonIndex": 1,
          "eventTime": "2021-02-21T23:07:49.058-05:00"
        },
        {
          "currentValue": 64.60028,
          "valueChange": 5.0474205,
          "reasonIndex": 1,
          "eventTime": "2021-02-21T23:07:49.208-05:00"
        },
        {
          "currentValue": 47.2733841,
          "valueChange": -17.3268967,
          "reasonIndex": 0,
          "eventTime": "2021-02-21T23:07:50.091-05:00"
        },
        {
          "currentValue": 47.9393539,
          "valueChange": 0.665969849,
          "reasonIndex": 1,
          "eventTime": "2021-02-21T23:07:50.108-05:00"
        },
        {
          "currentValue": 53.5569839,
          "valueChange": 5.61763,
          "reasonIndex": 1,
          "eventTime": "2021-02-21T23:07:50.275-05:00"
        },
        {
          "currentValue": 43.06564,
          "valueChange": -10.4913445,
          "reasonIndex": 1,
          "eventTime": "2021-02-21T23:07:50.841-05:00"
        },
        {
          "currentValue": 60.5913353,
          "valueChange": 17.5256958,
          "reasonIndex": 1,
          "eventTime": "2021-02-21T23:07:51.308-05:00"
        },
        {
          "currentValue": 47.40668,
          "valueChange": -13.1846542,
          "reasonIndex": 0,
          "eventTime": "2021-02-21T23:07:51.957-05:00"
        },
        {
          "currentValue": 47.0193634,
          "valueChange": -0.387317657,
          "reasonIndex": 1,
          "eventTime": "2021-02-21T23:07:52.224-05:00"
        },
        {
          "currentValue": 48.7652321,
          "valueChange": 1.74586868,
          "reasonIndex": 1,
          "eventTime": "2021-02-21T23:07:52.274-05:00"
        },
        {
          "currentValue": 49.41866,
          "valueChange": 0.6534271,
          "reasonIndex": 1,
          "eventTime": "2021-02-21T23:07:52.341-05:00"
        },
        {
          "currentValue": 52.9963951,
          "valueChange": 3.577736,
          "reasonIndex": 1,
          "eventTime": "2021-02-21T23:07:52.424-05:00"
        },
        {
          "currentValue": 53.64463,
          "valueChange": 0.6482353,
          "reasonIndex": 1,
          "eventTime": "2021-02-21T23:07:52.491-05:00"
        },
        {
          "currentValue": 57.22455,
          "valueChange": 3.579918,
          "reasonIndex": 1,
          "eventTime": "2021-02-21T23:07:52.574-05:00"
        },
        {
          "currentValue": 55.14564,
          "valueChange": -2.078907,
          "reasonIndex": 1,
          "eventTime": "2021-02-21T23:07:53.174-05:00"
        },
        {
          "currentValue": 68.778656,
          "valueChange": 13.6330147,
          "reasonIndex": 1,
          "eventTime": "2021-02-21T23:07:53.441-05:00"
        },
        {
          "currentValue": 50.9030075,
          "valueChange": -17.8756485,
          "reasonIndex": 0,
          "eventTime": "2021-02-21T23:07:56.924-05:00"
        },
        {
          "currentValue": 38.48901,
          "valueChange": -12.4139977,
          "reasonIndex": 1,
          "eventTime": "2021-02-21T23:07:57.424-05:00"
        },
        {
          "currentValue": 65.12657,
          "valueChange": 26.6375618,
          "reasonIndex": 1,
          "eventTime": "2021-02-21T23:07:58.257-05:00"
        },
        {
          "currentValue": 55.80518,
          "valueChange": -9.321392,
          "reasonIndex": 1,
          "eventTime": "2021-02-21T23:07:58.641-05:00"
        },
        {
          "currentValue": 64.64555,
          "valueChange": 8.840374,
          "reasonIndex": 0,
          "eventTime": "2021-02-21T23:07:58.907-05:00"
        },
        {
          "currentValue": 65.15918,
          "valueChange": 0.5136261,
          "reasonIndex": 1,
          "eventTime": "2021-02-21T23:07:58.94-05:00"
        },
        {
          "currentValue": 59.1788864,
          "valueChange": -5.98029327,
          "reasonIndex": 1,
          "eventTime": "2021-02-21T23:07:59.407-05:00"
        },
        {
          "currentValue": 64.20267,
          "valueChange": 5.023781,
          "reasonIndex": 1,
          "eventTime": "2021-02-21T23:07:59.54-05:00"
        },
        {
          "currentValue": 64.20549,
          "valueChange": 0.002822876,
          "reasonIndex": 1,
          "eventTime": "2021-02-21T23:07:59.607-05:00"
        },
        {
          "currentValue": 66.2148056,
          "valueChange": 2.00931549,
          "reasonIndex": 1,
          "eventTime": "2021-02-21T23:07:59.673-05:00"
        },
        {
          "currentValue": 62.7277756,
          "valueChange": -3.48703,
          "reasonIndex": 0,
          "eventTime": "2021-02-21T23:07:59.907-05:00"
        },
        {
          "currentValue": 60.04418,
          "valueChange": -2.68359375,
          "reasonIndex": 1,
          "eventTime": "2021-02-21T23:08:00.19-05:00"
        },
        {
          "currentValue": 65.451355,
          "valueChange": 5.407173,
          "reasonIndex": 1,
          "eventTime": "2021-02-21T23:08:00.324-05:00"
        },
        {
          "currentValue": 60.5630341,
          "valueChange": -4.888321,
          "reasonIndex": 1,
          "eventTime": "2021-02-21T23:08:00.806-05:00"
        },
        {
          "currentValue": 64.55205,
          "valueChange": 3.98901367,
          "reasonIndex": 0,
          "eventTime": "2021-02-21T23:08:00.89-05:00"
        },
        {
          "currentValue": 66.85051,
          "valueChange": 2.298462,
          "reasonIndex": 1,
          "eventTime": "2021-02-21T23:08:00.956-05:00"
        },
        {
          "currentValue": 63.0310364,
          "valueChange": -3.81947327,
          "reasonIndex": 1,
          "eventTime": "2021-02-21T23:08:01.407-05:00"
        },
        {
          "currentValue": 73.54193,
          "valueChange": 10.5108948,
          "reasonIndex": 1,
          "eventTime": "2021-02-21T23:08:01.64-05:00"
        },
        {
          "currentValue": 73.1075439,
          "valueChange": -0.4343872,
          "reasonIndex": 1,
          "eventTime": "2021-02-21T23:08:01.773-05:00"
        },
        {
          "currentValue": 77.84535,
          "valueChange": 4.737808,
          "reasonIndex": 1,
          "eventTime": "2021-02-21T23:08:01.89-05:00"
        },
        {
          "currentValue": 69.41038,
          "valueChange": -8.434975,
          "reasonIndex": 1,
          "eventTime": "2021-02-21T23:08:02.773-05:00"
        },
        {
          "currentValue": 76.62685,
          "valueChange": 7.216469,
          "reasonIndex": 1,
          "eventTime": "2021-02-21T23:08:02.94-05:00"
        },
        {
          "currentValue": 46.82682,
          "valueChange": -29.8000259,
          "reasonIndex": 1,
          "eventTime": "2021-02-21T23:08:05.823-05:00"
        },
        {
          "currentValue": 61.399395,
          "valueChange": 14.5725746,
          "reasonIndex": 1,
          "eventTime": "2021-02-21T23:08:06.139-05:00"
        },
        {
          "currentValue": 55.6931763,
          "valueChange": -5.70621872,
          "reasonIndex": 0,
          "eventTime": "2021-02-21T23:08:06.672-05:00"
        },
        {
          "currentValue": 47.2638,
          "valueChange": -8.429375,
          "reasonIndex": 1,
          "eventTime": "2021-02-21T23:08:07.289-05:00"
        },
        {
          "currentValue": 67.11354,
          "valueChange": 19.84974,
          "reasonIndex": 1,
          "eventTime": "2021-02-21T23:08:07.756-05:00"
        },
        {
          "currentValue": 59.72017,
          "valueChange": -7.39337158,
          "reasonIndex": 0,
          "eventTime": "2021-02-21T23:08:08.239-05:00"
        },
        {
          "currentValue": 52.9377174,
          "valueChange": -6.78245163,
          "reasonIndex": 1,
          "eventTime": "2021-02-21T23:08:08.623-05:00"
        },
        {
          "currentValue": 61.833313,
          "valueChange": 8.895596,
          "reasonIndex": 1,
          "eventTime": "2021-02-21T23:08:08.873-05:00"
        },
        {
          "currentValue": 37.78692,
          "valueChange": -24.0463943,
          "reasonIndex": 0,
          "eventTime": "2021-02-21T23:08:10.055-05:00"
        },
        {
          "currentValue": 37.41258,
          "valueChange": -0.374340057,
          "reasonIndex": 1,
          "eventTime": "2021-02-21T23:08:10.156-05:00"
        },
        {
          "currentValue": 63.4257851,
          "valueChange": 26.0132065,
          "reasonIndex": 1,
          "eventTime": "2021-02-21T23:08:10.739-05:00"
        },
        {
          "currentValue": 56.8148537,
          "valueChange": -6.6109314,
          "reasonIndex": 0,
          "eventTime": "2021-02-21T23:08:11.222-05:00"
        },
        {
          "currentValue": 53.1629562,
          "valueChange": -3.65189743,
          "reasonIndex": 1,
          "eventTime": "2021-02-21T23:08:11.439-05:00"
        },
        {
          "currentValue": 60.52809,
          "valueChange": 7.365135,
          "reasonIndex": 1,
          "eventTime": "2021-02-21T23:08:11.655-05:00"
        },
        {
          "currentValue": 58.32203,
          "valueChange": -2.20606232,
          "reasonIndex": 1,
          "eventTime": "2021-02-21T23:08:11.805-05:00"
        },
        {
          "currentValue": 63.74141,
          "valueChange": 5.41938,
          "reasonIndex": 1,
          "eventTime": "2021-02-21T23:08:11.972-05:00"
        },
        {
          "currentValue": 53.6528435,
          "valueChange": -10.0885658,
          "reasonIndex": 1,
          "eventTime": "2021-02-21T23:08:12.488-05:00"
        }
      ]
    }
  ]
}