{
  "$type": "BatteryConfig, Battery",
  "PlayerName": null,
  "StartTime": null,
  "EndTime": null,
  "Games": {
    "$type": "System.Collections.Generic.List`1[[GameConfig, Battery]], mscorlib",
    "$values": [
      {
        "$type": "FeederConfig, Battery",
        "TestName": null,
        "Scene": "Feeder",
        "Seed": null,
        "MaxGameTime": 1.0,
        "MaxFoodDispensed": 25,
        "TotalFoods": 6,
        "AverageUpdateFrequency": 3.0,
        "StandardDeviationUpdateFreq": 2.8
      }
    ]
  }
}
